ResponseId;expertise
R_2MKmlAlIezyJ2ps;non-expert
R_2exxZTGKMM6B3oE;non-expert
R_8arEEH1cPJQGz3X;non-expert
R_8qppLO1hgqB8a3q;non-expert
R_2oKG9BFZpF01UBz;non-expert
R_8p2snaCUa6Zbxsd;non-expert
R_8nrPbAMWxNe01Dr;non-expert
R_2JOXll8H0xcxisR;non-expert
R_2hZs5vmO4wZpmWB;non-expert
R_2wROTPgDjccd9GF;non-expert
R_8p6fHOnT11XpFqu;non-expert
R_2LvTEQm2dMwP2DO;non-expert
R_25yFzVqcNUootTr;non-expert
R_8zkbN1epqsxZLDI;non-expert
R_8v7FO1rbErVe2mj;non-expert
R_22qZqpVRBwF3erN;expert
R_81tG7g4An2y6cJb;non-expert
R_8r1bXsxTxDHMGjj;non-expert
R_2rZUZjpl9wwBI8c;non-expert
R_2RvJ3hyz5JdCcOf;non-expert
R_8PSNKr4m6z6XIWJ;non-expert
R_8JIOgEH3Iq8gPrh;non-expert
R_81cKXgxHD19hb4x;non-expert
R_8hhZyRGg9baXfAj;non-expert
R_2e81z7tQMD7J8ln;non-expert
R_2cfbsFvJ2MKK0FP;non-expert
R_8lVsEsXPx9KU4mf;non-expert
R_2eJN55ufaP68OvF;non-expert
R_2gdWh5XLWJC7G1g;non-expert
R_8RE8rLBslBcduJX;non-expert
R_8f96HcntkHNCGE5;expert
R_2INmpeItaByUuhn;non-expert
R_8GHT0dyNq5rVEi0;non-expert
R_8MNdO37K29KRVOM;non-expert
R_8VuWUROWhdtw8Nz;expert
R_27VDKVYCmrCrAGJ;non-expert
R_8ha9QdQBSnJYACK;non-expert
R_2NCIgoFlMHBhfpP;expert
R_2g5ESrQ8fXDuFOE;non-expert
R_2ml48H5qFJqxqYI;non-expert
R_25g5Il2yKvUAVnr;non-expert
R_2h5f6ZfcunZ5xRd;non-expert
R_8fkLSwyuk8KXQio;non-expert
R_8Ake6eOAa9x3n3z;non-expert
R_2CPXu7ULgmmeRf5;non-expert
R_8iQYFjgXj0DB5oB;non-expert
R_2QEIK0WnDzO4axt;non-expert
R_8lrCrCy3wcHE7pu;non-expert
R_8fZUxxtjJ0NJPLW;non-expert
R_8PoBT4iuSItMmkh;non-expert
R_2zzIAeyAj9ENO0N;non-expert
R_2dgNZ4ZB9FQYtBs;non-expert
R_21KKJjIDSYuvbci;non-expert
R_8HwEtJ9W4uJz2BJ;non-expert
R_2mK1LFYhP725piA;non-expert
R_8eb1Ml6zAUFfQvg;non-expert
R_8JX6prbnGgys368;non-expert
R_2inatcucbvtr5yR;non-expert
R_2ltHu1N5Ya2YiMF;non-expert
R_27Q1chKcSnCMqeF;expert
R_815sn6CLON0AMLo;expert
R_2ggwTA9tnqMqBEt;expert
R_26uYFn3olJcj4A1;non-expert
R_8E6Mi8amc2RX7io;expert
R_5VD8Q3XHh2gL4Hf;non-expert
R_4gNF019K9GYPqgu;non-expert
R_4t8cEDQ8UdComxX;non-expert
R_8zMdeQpmwsEEvQS;non-expert
R_2GCVf6prV10TpYt;non-expert
R_2Ng0b3XQCrl6uGu;expert
R_2kiaOe91CBLqWVm;non-expert
R_2vo8zctdJQpnw41;non-expert
R_637u0Wq1iszPRYq;non-expert
R_2OkTZQJijoRQFCS;non-expert
R_8UY30pZemet1MUW;non-expert
R_2EscfluxKMg3S6w;expert
R_2whImeJepfowbqV;expert
R_2tnWpWnuU6mAGzu;non-expert
R_2AZ23Xucw7HhYKh;expert
R_2VSKHEhvC9QAUUx;expert
R_8GPj453mwS0DGk9;expert
R_82Zmb8iW216DaZr;non-expert
R_29xK2N5cYzWgClz;non-expert
R_2NeOuR9dVcbLrIY;non-expert
R_2OuXkV9GwhLppWp;expert
R_2uUq3LQvrDAigjV;expert
R_2RaCP1vs276VpG0;expert
R_8I5mNeHLUmBVmAd;non-expert
R_8CcyedXwGQVYt1L;expert
R_81LZ46TImwAnbSJ;expert
R_8mISKSz85agOubl;expert
R_2Hww7IRQ9pxnSdr;non-expert
R_2pRM1qroatUQSEl;expert
R_8TC38MKvfwQvqNI;non-expert
R_2ilKBPnN7I2qbKd;expert
R_2k5e4S5dcsA4TiV;expert
R_2CHmHyD8tWDCSMF;expert
R_8mmgDgHYGII1Jg8;expert
R_8FXxXyETVAOgEYQ;non-expert
R_2passAeKF7AV4Wm;non-expert
R_89c7B8zwACxPc1u;expert
R_2DWYHka77Dl123D;non-expert
R_8jVcrML1W3YPts6;expert
R_8uui0dDwQO1QcOl;non-expert
R_8G3eUG44Bxlnraf;non-expert
R_8CjhGrz1QdzolBK;expert
R_2GlUHvBYoePgxPI;expert
R_81GMRoYTibLog0r;non-expert
R_2y9OirQGxzhEYmu;non-expert
R_8c9xDFOwmKdn2vL;expert
R_2Iag5RJ4L0PApGu;expert
R_2exB0JMnf5frksp;expert
R_2h87b36cxxrZ5Yd;non-expert
R_2oGwOamExlFnrrw;non-expert
R_2sINHmaQ9z0Ax9v;non-expert
R_8rjEO5dCE7zzEkN;expert
R_80HQALoQ7yQOkHN;non-expert
R_20Jao5YiKZlAoIA;non-expert
R_2kv3JVUcLQDbi2U;non-expert
R_2FyUJ00aYKUUQrb;non-expert
R_2BUXi0XWG4uTSr7;non-expert
R_82fInvzW9mKuPD1;expert
R_2dFU7Wk6okLdLbw;expert
R_87BsZETeQJiCWEy;expert
R_8GuAynrkbgR2QEm;expert
R_2IhfJG0WMNfXHT4;non-expert
R_2vc8wTcP39IasNE;expert
R_22n583G0LuahK6l;expert